Metdata,Label,Translated,Configuration
"CustomLabel.CECDefaultQueue","CEC Default Queue","Will be Transalted","No"
"CustomLabel.CEC_2nd_Request","2nd Request","Will be Transalted","No"
"CustomLabel.CEC_2nd_Request_Comments","2nd Request :","Will be Transalted","No"
"CustomLabel.CEC_2nd_Request_Reason","2nd Request Reason","Will be Transalted","No"
"CustomLabel.CEC_2nd_request_Other_Reason","Enter Reason for 2nd Request","Will be Transalted","No"
"CustomLabel.CEC_3rd_Party_Auditor","3rd Party Auditor","Will be Transalted","No"
"CustomLabel.CEC_3rd_Party_Auditor_Company_Name","3rd Party Auditor Company Name","Will be Transalted","No"
"CustomLabel.CEC_ACTIONS","ACTIONS","Will be Transalted","No"
"CustomLabel.CEC_ARShipmentIdentifierApplicableMsg","You must select 1 or more shipment identifiers in order to proceed","Will be Transalted","No"
"CustomLabel.CEC_AR_Already_Closed","This Assistance Required Case has already been closed and is now with another team member for final closure. You cannot close this case.","Will be Transalted","No"
"CustomLabel.CEC_AR_Case","Assistance Required Case","Will be Transalted","No"
"CustomLabel.CEC_AR_Case_Mapping_For_Scheduled_Pickup","{\n"Case" : {"attributes":{"type":"Case"}, "CEC_Case_Category__c" : "Account Management", "CEC_Case_Sub_Category__c" : "New Account / New Location","Priority" :"Non-Urgent", "CEC_Receivedfrom__c":"Shipper", "CEC_Source_System__c":"eSolutions", "CEC_BusinessUnit__c" :"Small Package", "CEC_Submitted_By_Type__c": "Customer", "Status" : "Dispatched", "Origin" : "CEC", "Subject" : "Daily Pickup Request Notification", "CEC_AR_Case_Instructions__c":"A new Daily Pickup account was opened and requires setup:", "Is_Automated_AR_Case__c" : true, "CEC_CallbackRequired__c" : true,"CEC_PreferredCommunicationChannel__c" : "Phone"}\n}","Will be Transalted","No"
"CustomLabel.CEC_AR_Case_ReAssign_Comments","Reassign Reason:","Will be Transalted","No"
"CustomLabel.CEC_AR_Case_Recordtype_Name","CEC_Assistance_Required_Case","Will be Transalted","No"
"CustomLabel.CEC_AR_Error_Message_Profile","You don't have sufficient access to Close this case.","Will be Transalted","No"
"CustomLabel.CEC_AR_Reassign_RecType_Error","Re-Assign an AR case is applicable only for AR cases.","Will be Transalted","No"
"CustomLabel.CEC_Account","Account #","Will be Transalted","No"
"CustomLabel.CEC_AccountEditRestriction","You are not allowed to edit Accounts of this record type.","Will be Transalted","No"
"CustomLabel.CEC_AccountEditRestrictionNonCEC","This account's source system is not CEC.You are not allowed to edit Non CEC Accounts.","Will be Transalted","No"
"CustomLabel.CEC_AccountNumber","Account Number","Will be Transalted","No"
"CustomLabel.CEC_Account_Label","Account","Will be Transalted","No"
"CustomLabel.CEC_Account_Name","Account Name","Will be Transalted","No"
"CustomLabel.CEC_Account_Number","Account Number","Will be Transalted","No"
"CustomLabel.CEC_Account_Status","Account Status","Will be Transalted","No"
"CustomLabel.CEC_Account_Type","Account Type","Will be Transalted","No"
"CustomLabel.CEC_Active_EscFlag","Active","Will be Transalted","No"
"CustomLabel.CEC_Activities_Tab_Name","ACTIVITIES","Will be Transalted","No"
"CustomLabel.CEC_Activity_Tab_Name","ACTIVITY","Will be Transalted","No"
"CustomLabel.CEC_Add_Identifier_Validation_Message","Please select add to create the shipment identifier(s)","Will be Transalted","No"
"CustomLabel.CEC_Add_Soccial_Persona","Social Media Handle","Will be Transalted","No"
"CustomLabel.CEC_Add_Social_Persona","Social Media Handle","Will be Transalted","No"
"CustomLabel.CEC_Additonal_Case_Info_Uppercase","ADDITIONAL CASE INFO","Will be Transalted","No"
"CustomLabel.CEC_Address","Address","Will be Transalted","No"
"CustomLabel.CEC_Address_City_Validation","City is mandatory to be selected for country","Will be Transalted","No"
"CustomLabel.CEC_Address_Country_Validation","Complete this field","Will be Transalted","No"
"CustomLabel.CEC_Address_PostalCode_Validation","Postal Code is mandatory to be selected for country","Will be Transalted","No"
"CustomLabel.CEC_Address_Province_Validation","State/Province is mandatory to be selected for country","Will be Transalted","No"
"CustomLabel.CEC_Address_Street_Validation","Street is mandatory to be selected for country","Will be Transalted","No"
"CustomLabel.CEC_AdvanceGroupAssignemt_AvailableLabel","Available Users","Will be Transalted","No"
"CustomLabel.CEC_AdvanceGroupAssignemt_MemberLabel","Member Users","Will be Transalted","No"
"CustomLabel.CEC_AdvanceGroupAssignemt_nogroupmessage","You don't have any groups to manage","Will be Transalted","No"
"CustomLabel.CEC_Advanced_Search","Advanced Search","Will be Transalted","No"
"CustomLabel.CEC_Alert_Account_RecordTypeDeveloperNames","Account","Will be Transalted","No"
"CustomLabel.CEC_Alert_Account_Upload_Step1","Download the template.","Will be Transalted","No"
"CustomLabel.CEC_Alert_Account_Upload_Step2","Fill the Account Number and CEC Alert Message Number in the template.","Will be Transalted","No"
"CustomLabel.CEC_Alert_Account_Upload_Step3","Upload the template.","Will be Transalted","No"
"CustomLabel.CEC_Alert_Account_Upload_Step4","Click 'Submit' to process the file or 'Clear' to reset.","Will be Transalted","No"
"CustomLabel.CEC_Alert_Number","Alert Number","Will be Transalted","No"
"CustomLabel.CEC_Already_Second_request","This case has already has been marked for 2nd request.","Will be Transalted","No"
"CustomLabel.CEC_Application","Application","Will be Transalted","No"
"CustomLabel.CEC_Assigned_Geographies","Assigned Geographies","Will be Transalted","No"
"CustomLabel.CEC_Assigned_Skills","Assigned Skills","Will be Transalted","No"
"CustomLabel.CEC_Assistance_Request_Details","Assistance Request Details","Will be Transalted","No"
"CustomLabel.CEC_Assistance_Required_Record_Type_Name","CEC - Assistance Required Case","Will be Transalted","No"
"CustomLabel.CEC_Assistance_Required_Tab_Name","ASSISTANCE REQUIRED","Will be Transalted","No"
"CustomLabel.CEC_Assume_Responsibility","Assume Responsibility","Will be Transalted","No"
"CustomLabel.CEC_Assume_Responsibility_Confirmation","Maintain Responsibility is already active for this case. Click Submit to accept responsibility","Will be Transalted","No"
"CustomLabel.CEC_Available_Skills","Available Skills","Will be Transalted","No"
"CustomLabel.CEC_Batch_Subject","Exceeded limit in Queue","Will be Transalted","No"
"CustomLabel.CEC_Batch_message_header","Dear Team,<br><br>Following Queues has exceeded the threshold limit :<br><br><table border="1" style="border-collapse: collapse"><tr><th> Queue Name </th><th>  Threshold Limit  </th><th>  Current Limit  </th></tr>","Will be Transalted","No"
"CustomLabel.CEC_Batch_message_salutation","</table><br><br> Thanks","Will be Transalted","No"
"CustomLabel.CEC_Business_Unit","Business Unit","Will be Transalted","No"
"CustomLabel.CEC_Business_Units","Business Unit(s)","Will be Transalted","No"
"CustomLabel.CEC_Button_Add","Add","Will be Transalted","No"
"CustomLabel.CEC_Button_Back","Back","Will be Transalted","No"
"CustomLabel.CEC_Button_Cancel","Cancel","Will be Transalted","No"
"CustomLabel.CEC_Button_Close","Close","Will be Transalted","No"
"CustomLabel.CEC_Button_Create_CEC_Case","Create Back Office Case","Will be Transalted","No"
"CustomLabel.CEC_Button_Create_Phone_Case","Create Phone Case","Will be Transalted","No"
"CustomLabel.CEC_Button_Create_Shipment_Identifier","Create Shipment Identifier(s)","Will be Transalted","No"
"CustomLabel.CEC_Button_Delete","Delete","Will be Transalted","No"
"CustomLabel.CEC_Button_Edit","Edit","Will be Transalted","No"
"CustomLabel.CEC_Button_Ignore_Matches","Ignore Matches","Will be Transalted","No"
"CustomLabel.CEC_Button_New","New","Will be Transalted","No"
"CustomLabel.CEC_Button_Next","Next","Will be Transalted","No"
"CustomLabel.CEC_Button_Previous","Previous","Will be Transalted","No"
"CustomLabel.CEC_Button_Save","Save","Will be Transalted","No"
"CustomLabel.CEC_Button_Submit","Submit","Will be Transalted","No"
"CustomLabel.CEC_Button_ok","Ok","Will be Transalted","No"
"CustomLabel.CEC_ByPassRunObjectMatrixValidation","CEC_ByPassRunObjectMatrixValidation","Will be Transalted","No"
"CustomLabel.CEC_Bypass_Inbound_Email_Response_Body","<p>\nDear UPS Customer,\n<br/><br/>\nThis email conversation is no longer active and your email has not reached the intended recipient. No further action will be taken by UPS.\n<br/><br/>\nFor additional support, please visit the <a href="https://www.ups.com/ca/en/global.page?" target="_blank">UPS Global Home</a> page and follow these instructions:\n<ol>\n<li>Select your country from the list.</li>\n<li>Select the <i>Customer Support</i> link in the upper right corner.\n<ul>\n<li>From the <b>Help and Support Center</b> page, use our virtual assistant (select countries only) for immediate support or scroll to find answers to Frequently Asked Questions (FAQs).</li>\n</ul>\n</li>\n</ol>\nThank you for choosing UPS.\n<br/><br/>\nThis is a system generated email. Please do not reply to this e-mail. \n</p>","Will be Transalted","No"
"CustomLabel.CEC_Bypass_Inbound_Email_Response_Subject","Email conversation is no longer active","Will be Transalted","No"
"CustomLabel.CEC_Bypass_Inbound_Email_Restriction_Addresses","customerrelations@ups.com; escustomercare@ups.com","Will be Transalted","No"
"CustomLabel.CEC_CASES","CASES","Will be Transalted","No"
"CustomLabel.CEC_CASE_CATEGORIZATION","CASE CATEGORIZATION","Will be Transalted","No"
"CustomLabel.CEC_CCR_Insufficient_Msg","Insufficient Privileges\nYou do not have the level of access necessary to perform the operation you requested. Please contact the owner of the record or your administrator if access is necessary. For more information, see Insufficient Privileges Errors.","Will be Transalted","No"
"CustomLabel.CEC_CCR_ReAssgn_AR_Error","CCR Users cannot reassign an AR case","Will be Transalted","No"
"CustomLabel.CEC_CCR_Users_ProfileName","UPS CEC CCR","Will be Transalted","No"
"CustomLabel.CEC_CEC_Org_Wide_Address_Validation","Valid CEC email addresses are present in the To, CC and/or BCC fields. Please remove the following email addresses in order to continue.","Will be Transalted","No"
"CustomLabel.CEC_CHAT_TRANSCRIPTS","CHAT TRANSCRIPTS","Will be Transalted","No"
"CustomLabel.CEC_COMBOBOX_PLACEHOLDER","-Select-","Will be Transalted","No"
"CustomLabel.CEC_CTC_QuoteType","estimateTimeCost","Will be Transalted","No"
"CustomLabel.CEC_CTC_URL","https://wwwapps.ups.com/ctc/request?","Will be Transalted","No"
"CustomLabel.CEC_CTI_Admin_Message",".","Will be Transalted","No"
"CustomLabel.CEC_CTI_Integration_On_OFF_Switch","OFF","Will be Transalted","No"
"CustomLabel.CEC_CTI_Message","No data available","Will be Transalted","No"
"CustomLabel.CEC_CTI_Timeout","5000","Will be Transalted","No"
"CustomLabel.CEC_CalendarName","My Tasks","Will be Transalted","No"
"CustomLabel.CEC_CallBackRequiredHelpText","The Contact Required option indicates that the customer requires a response for this case.","Will be Transalted","No"
"CustomLabel.CEC_Cancel","Cancel","Will be Transalted","No"
"CustomLabel.CEC_Cas_Time_stamps","CASE TIMESTAMPS","Will be Transalted","No"
"CustomLabel.CEC_Case","Case","Will be Transalted","No"
"CustomLabel.CEC_CaseDeleteMatrixLabel","Record cannot be deleted","Will be Transalted","No"
"CustomLabel.CEC_CaseInitialCaseDescription","This field cannot be updated","Will be Transalted","No"
"CustomLabel.CEC_CaseInsertMatrixLabel","Record cannot be inserted","Will be Transalted","No"
"CustomLabel.CEC_CaseRecordType","CEC_Case","Will be Transalted","No"
"CustomLabel.CEC_CaseRecordTypeName","CEC Case","Will be Transalted","No"
"CustomLabel.CEC_CaseRouting_NoQ_Error_Message","The routing destination queue has not been created yet:","Will be Transalted","No"
"CustomLabel.CEC_CaseUpdateMatrixLabel","This field cannot be updated","Will be Transalted","No"
"CustomLabel.CEC_Case_AR_Address_Based_Ineligible_Message","Please remove any accented characters, or verify the customer's address. If needed, please reach out for assistance.","Will be Transalted","No"
"CustomLabel.CEC_Case_AR_Contact_Missing_Message","Case Contact is Required","Will be Transalted","No"
"CustomLabel.CEC_Case_AR_Contact_cannot_be_updated","The contact cannot be updated","Will be Transalted","No"
"CustomLabel.CEC_Case_AR_Copy_Description","Insert Case Description","Will be Transalted","No"
"CustomLabel.CEC_Case_AR_InSufficinetCallersAddress","Caller Location does not have City or Postal Code.Please Enter a Different Address","Will be Transalted","No"
"CustomLabel.CEC_Case_AR_IncidentCountry_Different_From_CaseCountry_Message","Cases cannot be sent to another country at this time. Use ECM for Global Cases.","Will be Transalted","No"
"CustomLabel.CEC_Case_AR_Ineligible_Message","The currently provided information is not valid for Assistance Required Cases. Please make the appropriate changes.","Will be Transalted","No"
"CustomLabel.CEC_Case_AR_Insufficient_Access_Message","Insufficient Privileges.","Will be Transalted","No"
"CustomLabel.CEC_Case_AR_Mandatory_Information_Misssing_Message","Mandatory information is required to create an Assistance Required Case. Please update and try again.","Will be Transalted","No"
"CustomLabel.CEC_Case_AR_Mandatory_Tracking_Message","A shipment identifier (tracking number, invoice number, etc...) is required when creating an Assistance Required Case. Please update the Shipment Identifier section.","Will be Transalted","No"
"CustomLabel.CEC_Case_AR_Not_Enabled_Country_Message","Assistance Required Cases are not enabled for this country. Please use ECM to send this case.","Will be Transalted","No"
"CustomLabel.CEC_Case_AR_OnLoad_Ineligible_Message","This situation requires first call resolution. Consult the Knowledge Base for instructions or ask for assistance.","Will be Transalted","No"
"CustomLabel.CEC_Case_AR_Review_Message","Review your selections and click "Submit Request" to complete your request.","Will be Transalted","No"
"CustomLabel.CEC_Case_AR_ShippingAddr_Ineligible_Message","The customer's address is required for this type of request. Update the assigned contact with address details before proceeding.","Will be Transalted","No"
"CustomLabel.CEC_Case_AR_Update_Email_on_contact","Permanently update Email address?","Will be Transalted","No"
"CustomLabel.CEC_Case_AR_Update_Phone_on_contact","Permanently update Phone Number?","Will be Transalted","No"
"CustomLabel.CEC_Case_AR_is_Incident_Location_Same","Is the incident location the same as the caller's location?","Will be Transalted","No"
"CustomLabel.CEC_Case_Already_Marked_as_Corporate_Concern","This case has already been marked for Corporate Concern.","Will be Transalted","No"
"CustomLabel.CEC_Case_Business_unit_helptext","Populated based on the user's preferences, this field can be updated as required based on the customer's inquiry.","Will be Transalted","No"
"CustomLabel.CEC_Case_Cannot_Mark_Corporate_Concern","You do not have sufficient privileges to perform this action.","Will be Transalted","No"
"CustomLabel.CEC_Case_Category","Case Category","Will be Transalted","No"
"CustomLabel.CEC_Case_Category_helptext","General reason for the customer's inquiry. Will provide help with case handling.","Will be Transalted","No"
"CustomLabel.CEC_Case_Close_Condition_Error_Message","Case category & sub-category are required to close the case.","Will be Transalted","No"
"CustomLabel.CEC_Case_Closed_Date_Time","Case Closed","Will be Transalted","No"
"CustomLabel.CEC_Case_Comment_Object_Label","Case Comment{0}","Will be Transalted","No"
"CustomLabel.CEC_Case_Comments","Case Comments","Will be Transalted","No"
"CustomLabel.CEC_Case_Country_helptext","Populated based on the Country indicated in the profile associated to the case contact, can be updated if the customer is travelling or is in a different country.","Will be Transalted","No"
"CustomLabel.CEC_Case_CreatedDate_for_Attachment","11/20/2020 03:00 AM","Will be Transalted","No"
"CustomLabel.CEC_Case_Created_Date_Display","Case Created Date","Will be Transalted","No"
"CustomLabel.CEC_Case_Creation_Date_Time","Case Created","Will be Transalted","No"
"CustomLabel.CEC_Case_Details","CASE DETAILS","Will be Transalted","No"
"CustomLabel.CEC_Case_Doesnt_Route","DNR","Will be Transalted","No"
"CustomLabel.CEC_Case_Escalation","Case Escalation","Will be Transalted","No"
"CustomLabel.CEC_Case_Escalation_Reason_Label","Escalation Reason:","Will be Transalted","No"
"CustomLabel.CEC_Case_IWANTTO_Error_Message","Mandatory information is required from the Contact Address in order to activate the I Want To options","Will be Transalted","No"
"CustomLabel.CEC_Case_Info","CASE INFO","Will be Transalted","No"
"CustomLabel.CEC_Case_Instructions","Case Instructions","Will be Transalted","No"
"CustomLabel.CEC_Case_Maintain_Responsibility_HelpText","The Maintain Responsibility functionality is only available for users with specific skills. This allows the user to follow-up with the customer once the Assistance Required case is resolved.","Will be Transalted","No"
"CustomLabel.CEC_Case_Not_ReOpened","This function can only be used on a re-opened Assistance Required Case.","Will be Transalted","No"
"CustomLabel.CEC_Case_OrigCtry_Validation","The Country field is required to use this function. Please select a contact or update the contact's country information.","Will be Transalted","No"
"CustomLabel.CEC_Case_Origin","Case Origin","Will be Transalted","No"
"CustomLabel.CEC_Case_Origin_Back_office","Back Office","Will be Transalted","No"
"CustomLabel.CEC_Case_Origin_Group_1","Email\nWeb\nChat\nCEC","Will be Transalted","No"
"CustomLabel.CEC_Case_Origin_Group_2","Phone","Will be Transalted","No"
"CustomLabel.CEC_Case_Origin_Group_3","Sales","Will be Transalted","No"
"CustomLabel.CEC_Case_PC_Doesnt_Route","PCDNR","Will be Transalted","No"
"CustomLabel.CEC_Case_Priority_Urgent","Urgent","Will be Transalted","No"
"CustomLabel.CEC_Case_Priority_helptext","Indicates the commitment time for UPS to contact the customer.","Will be Transalted","No"
"CustomLabel.CEC_Case_Queue_Search_Label","Please indicate which queue will handle this case after reply:","Will be Transalted","No"
"CustomLabel.CEC_Case_Quick_Action_Error","Mandatory information is required from the Contact Address in order to activate the Quick Actions menu","Will be Transalted","No"
"CustomLabel.CEC_Case_Reassign_AR_Address_Based_Ineligible_Message","Please remove any accented characters, or verify the customer's address. If needed, please reach out for assistance.","Will be Transalted","No"
"CustomLabel.CEC_Case_Reassign_AR_IncidentCountry_Different_From_CaseCountry_Message","Cases cannot be sent to another country at this time. The incident location must be within your country.","Will be Transalted","No"
"CustomLabel.CEC_Case_Reassign_AR_Ineligible_Message","The Case Category / Case Sub Category combination is invalid. Please make another selection.","Will be Transalted","No"
"CustomLabel.CEC_Case_Resolution","Case Resolution:","Will be Transalted","No"
"CustomLabel.CEC_Case_Status","Updated by Customer","Will be Transalted","No"
"CustomLabel.CEC_Case_Status_Escalated","Escalated","Will be Transalted","No"
"CustomLabel.CEC_Case_Status_InProgress","In Progress","Will be Transalted","No"
"CustomLabel.CEC_Case_Status_Working","Working","Will be Transalted","No"
"CustomLabel.CEC_Case_Sub_Category","Case Sub Category","Will be Transalted","No"
"CustomLabel.CEC_Case_Sub_Category_helptext","Detailed reason for the customer's inquiry. Will provide additional help with case handling.","Will be Transalted","No"
"CustomLabel.CEC_Case_Sub_Status","Case Sub Status","Will be Transalted","No"
"CustomLabel.CEC_Case_Submitter_Search_Label","Please indicate which user will be case submitter:","Will be Transalted","No"
"CustomLabel.CEC_Case_Substatus_UpdatedByCustomer","Updated by Customer","Will be Transalted","No"
"CustomLabel.CEC_Case_Timestamps","Case Timestamps","Will be Transalted","No"
"CustomLabel.CEC_Case_Trigger_Target_Date_Update_Delay_in_ms","10000","Will be Transalted","No"
"CustomLabel.CEC_Case_UI_Case_Type","Case Type","Will be Transalted","No"
"CustomLabel.CEC_Case_UI_Contact_Name","Contact Name","Will be Transalted","No"
"CustomLabel.CEC_Case_UI_Use_This_Case","Use This Case","Will be Transalted","No"
"CustomLabel.CEC_Case_submitter_Failed_Message","Failed to update Case submitter details.","Will be Transalted","No"
"CustomLabel.CEC_Case_submitter_Success_Message","Case submitter details updated successfully.","Will be Transalted","No"
"CustomLabel.CEC_Category_Null_Err_Msg","Case Category and Case Sub Category cannot be blank.","Will be Transalted","No"
"CustomLabel.CEC_Chat_KPI_Feedback_Confirmation_Label","We appreciate your feedback, thank you.","Will be Transalted","No"
"CustomLabel.CEC_Chat_KPI_Feedback_Label","Did this chat session resolve your issue?","Will be Transalted","No"
"CustomLabel.CEC_Chat_KPI_No_Feedback_Message","We apologize that we could not resolve your issue. Your feedback would be greatly appreciated. (max. 255 characters)","Will be Transalted","No"
"CustomLabel.CEC_Chat_KPI_No_Message","We're sorry we couldn't resolve your  <br/> issue through this chat. <br/><br />\nPlease call us so we can further assist you.","Will be Transalted","No"
"CustomLabel.CEC_Chat_KPI_Number","1-855-407-1425","Will be Transalted","No"
"CustomLabel.CEC_Chat_KPI_Yes_Message","Thank You","Will be Transalted","No"
"CustomLabel.CEC_Chat_Threshold_ContactOptions","Or contact us by","Will be Transalted","No"
"CustomLabel.CEC_Chat_Threshold_Email_URL","https://www.ups.com/upsemail/input?loc=en_US","Will be Transalted","No"
"CustomLabel.CEC_Chat_Threshold_HelpCenter_Text","Find Answers to Common Questions","Will be Transalted","No"
"CustomLabel.CEC_Chat_Threshold_HelpCenter_URL","https://www.ups.com/us/en/help-support-center.page","Will be Transalted","No"
"CustomLabel.CEC_Chat_Threshold_NoAgents","So sorry, our chat agents got tied up in other conversations and are no longer available\n<br/>","Will be Transalted","No"
"CustomLabel.CEC_Chat_Threshold_NoAgents_Cont","in our Help and Support Center","Will be Transalted","No"
"CustomLabel.CEC_Chat_Threshold_Phone_URL","https://www.ups.com/us/en/help-center/contact.page?","Will be Transalted","No"
"CustomLabel.CEC_Child_Case_Error_Message","A Child case cannot be created from an Assistance Required Case.","Will be Transalted","No"
"CustomLabel.CEC_Child_Email","Child - Email","Will be Transalted","No"
"CustomLabel.CEC_Child_Web","Child - Web","Will be Transalted","No"
"CustomLabel.CEC_Choose_I_want","Choose an option or start typing to search","Will be Transalted","No"
"CustomLabel.CEC_City","City","Will be Transalted","No"
"CustomLabel.CEC_Click","Click","Will be Transalted","No"
"CustomLabel.CEC_Click_to_view","Click to view","Will be Transalted","No"
"CustomLabel.CEC_Close","Close","Will be Transalted","No"
"CustomLabel.CEC_Close_AR_Case_Info_Message","Another Team Member will reach out to the customer. Please enter detailed resolution notes to assist them","Will be Transalted","No"
"CustomLabel.CEC_Close_A_Case","Close a Case","Will be Transalted","No"
"CustomLabel.CEC_Close_A_Case_Comments","Case Resolution:","Will be Transalted","No"
"CustomLabel.CEC_Close_A_Case_Option_Label","Will you be sending an email to close this case?","Will be Transalted","No"
"CustomLabel.CEC_Close_A_case_Email_Confirmation_Message","You must complete the email section and the case will be closed upon send.","Will be Transalted","No"
"CustomLabel.CEC_Close_Case_Email_Sent","Email Sent","Will be Transalted","No"
"CustomLabel.CEC_Close_Case_Substatus","Request Completed","Will be Transalted","No"
"CustomLabel.CEC_Close_Time","Close Time","Will be Transalted","No"
"CustomLabel.CEC_Collected","$ Collected","Will be Transalted","No"
"CustomLabel.CEC_Comments","COMMENTS","Will be Transalted","No"
"CustomLabel.CEC_Communication_Preferences","Communication Preferences","Will be Transalted","No"
"CustomLabel.CEC_Consumer","Consumer","Will be Transalted","No"
"CustomLabel.CEC_Consumer_LookUpTitle","Search by Phone Number, First & Last Name or Email Address","Will be Transalted","No"
"CustomLabel.CEC_Contact","Contact","Will be Transalted","No"
"CustomLabel.CEC_ContactCase_Default_Resolution_Comments","Call Complete (system generated)","Will be Transalted","No"
"CustomLabel.CEC_ContactTypeIcon","Contact Type","Will be Transalted","No"
"CustomLabel.CEC_Contact_CEC_Source_System","CEC","Will be Transalted","No"
"CustomLabel.CEC_Contact_Case","Contact Case","Will be Transalted","No"
"CustomLabel.CEC_Contact_Comments","Contact Comments:","Will be Transalted","No"
"CustomLabel.CEC_Contact_Details","Contact Details","Will be Transalted","No"
"CustomLabel.CEC_Contact_Drive_Source_System","SFDC","Will be Transalted","No"
"CustomLabel.CEC_Contact_Dupe_Batch_Time","2021-05-24 17:00:00","Will be Transalted","No"
"CustomLabel.CEC_Contact_Editable","Editable","Will be Transalted","No"
"CustomLabel.CEC_Contact_Other_Source_System","EDG\nCRIS\nICRIS\nDWH\nD&B\nESTAT\nE2K\nMI\nUPSC\nMDM\nIDS\nEmployee_Data\nEWDT\nSIEBEL\nAvenue\nUPS BIA - Corporate Group\nEDGE\nNOT AVAILABLE\nCPS","Will be Transalted","No"
"CustomLabel.CEC_Contact_Record_Can_Not_Be_Removed","Contact Record cannot be removed.","Will be Transalted","No"
"CustomLabel.CEC_Contact_Records","Contact Records","Will be Transalted","No"
"CustomLabel.CEC_Contact_Type","Contact Source","Will be Transalted","No"
"CustomLabel.CEC_Contact_Uppercase","CONTACT","Will be Transalted","No"
"CustomLabel.CEC_Contact_by_Email","Contact by Email","Will be Transalted","No"
"CustomLabel.CEC_Contact_by_Phone","Contact by Phone","Will be Transalted","No"
"CustomLabel.CEC_Contact_by_SMS","Contact by SMS","Will be Transalted","No"
"CustomLabel.CEC_Contacts","CONTACTS","Will be Transalted","No"
"CustomLabel.CEC_Contacts_cases","CONTACT'S RECENT CASES","Will be Transalted","No"
"CustomLabel.CEC_Copy_PRN_Message","Copy PRN to Shipment Identifier","Will be Transalted","No"
"CustomLabel.CEC_Corporate_Concern","Corporate Concern","Will be Transalted","No"
"CustomLabel.CEC_Country","Country","Will be Transalted","No"
"CustomLabel.CEC_Create","Create","Will be Transalted","No"
"CustomLabel.CEC_Create_3rd_Party_Auditor","Create 3rd Party Auditor","Will be Transalted","No"
"CustomLabel.CEC_Create_Consumer_Contact","Create Consumer Contact","Will be Transalted","No"
"CustomLabel.CEC_Create_Contact","Create Contact","Will be Transalted","No"
"CustomLabel.CEC_Create_Individual_Contact","Create Individual Contact","Will be Transalted","No"
"CustomLabel.CEC_Create_Non_Business_Account","Create Non-Account Business","Will be Transalted","No"
"CustomLabel.CEC_Cron_Expression_for_4_hour_gap","0 0 0/4 1/1 * ? *","Will be Transalted","No"
"CustomLabel.CEC_CurrentDateAndTime","Current Date & Time","Will be Transalted","No"
"CustomLabel.CEC_Customer_Address_Duplicate_Message","The record you're about to create looks like a duplicate. Please review and use one of the existing addresses.","Will be Transalted","No"
"CustomLabel.CEC_Customer_Contact_Comments","Customer Contact Comments","Will be Transalted","No"
"CustomLabel.CEC_Customer_Follow_Up_by","Customer Follow-Up By","Will be Transalted","No"
"CustomLabel.CEC_Customer_s_Current_Date_Time","Customer Local Time","Will be Transalted","No"
"CustomLabel.CEC_DETAILS","DETAILS","Will be Transalted","No"
"CustomLabel.CEC_Datatable_Only_One_Contact","Only one contact can be updated at the same time","Will be Transalted","No"
"CustomLabel.CEC_Date_Added","Date Added","Will be Transalted","No"
"CustomLabel.CEC_Date_Created","Date Created","Will be Transalted","No"
"CustomLabel.CEC_Date_Information","Date Information","Will be Transalted","No"
"CustomLabel.CEC_Days_Between_Reply_Email","5","Will be Transalted","No"
"CustomLabel.CEC_DefaultProfiles","%System Administrator%UPS CEC Admin%UPS CEC CCR%UPS CEC Knowledge%UPS CEC Manager%UPS CEC SRC User%UPS CEC SRC Manager%UPS CEC Specialized User%","Will be Transalted","No"
"CustomLabel.CEC_Default_Category","General Information","Will be Transalted","No"
"CustomLabel.CEC_Delete_Shipment_Identifier","Delete Shipment Identifier","Will be Transalted","No"
"CustomLabel.CEC_Deletion_Error_Message","Sorry, you cannot delete this item.","Will be Transalted","No"
"CustomLabel.CEC_Description","Description","Will be Transalted","No"
"CustomLabel.CEC_Details_Label","Details","Will be Transalted","No"
"CustomLabel.CEC_Details_Preferences_Access_Message1","Manage Preferences, Skills and Out of Office settings for you or your team.","Will be Transalted","No"
"CustomLabel.CEC_Details_Preferences_Access_Message2","Manage your Preferences, Skills and Out of Office settings.","Will be Transalted","No"
"CustomLabel.CEC_Details_and_Preferences","Details and Preferences","Will be Transalted","No"
"CustomLabel.CEC_Display_Other","Other","Will be Transalted","No"
"CustomLabel.CEC_Display_Shipping","Shipping","Will be Transalted","No"
"CustomLabel.CEC_Display_Tracking","Tracking","Will be Transalted","No"
"CustomLabel.CEC_DoNotReplyEmailAddr","noreply_cs@ups.com","Will be Transalted","No"
"CustomLabel.CEC_Document_Customer_Contact_Error_Msg","This option is only applicable for Cases owned by Users.","Will be Transalted","No"
"CustomLabel.CEC_Document_Customer_Contact_Label","Document Customer Contact","Will be Transalted","No"
"CustomLabel.CEC_Driver_Comments","Driver Comments","Will be Transalted","No"
"CustomLabel.CEC_Duplicate_CaseRouting_Error_Message","A record like this already exists.","Will be Transalted","No"
"CustomLabel.CEC_Duplicate_GuidedFlowSetting_Error_Message","Duplicate records found for this country","Will be Transalted","No"
"CustomLabel.CEC_Duplicate_Message","There is already an identical record : Duplicate Record Id is  :","Will be Transalted","No"
"CustomLabel.CEC_Duplication_Rule_Hard_Block_Message","The record you're about to create looks like a duplicate. You will not be able to create the record after looking at duplicate records.","Will be Transalted","No"
"CustomLabel.CEC_Duplication_Rule_Soft_Block_Message","The record you're about to create looks like a duplicate. You will be able to create the record after looking at the potential duplicates.","Will be Transalted","No"
"CustomLabel.CEC_EFM_Days","100","Will be Transalted","No"
"CustomLabel.CEC_EH_Contact_Country","Contact Country","Will be Transalted","No"
"CustomLabel.CEC_EH_Contact_Email","Contact Email","Will be Transalted","No"
"CustomLabel.CEC_EH_Contact_Method","Contact Method","Will be Transalted","No"
"CustomLabel.CEC_EH_Contact_Name","Contact Name","Will be Transalted","No"
"CustomLabel.CEC_EH_Contact_Preferred_Language","Preferred Language","Will be Transalted","No"
"CustomLabel.CEC_EH_District","District","Will be Transalted","No"
"CustomLabel.CEC_EH_Label","Escalation Hierarchy","Will be Transalted","No"
"CustomLabel.CEC_EH_Level_1_Contact","Level 1 Contact","Will be Transalted","No"
"CustomLabel.CEC_EH_Level_2_Contact","Level 2 Contact","Will be Transalted","No"
"CustomLabel.CEC_EH_Level_3_Contact","Level 3 Contact","Will be Transalted","No"
"CustomLabel.CEC_EH_Queue_Country","Queue Country","Will be Transalted","No"
"CustomLabel.CEC_EH_Queue_Err_Message","A queue with this name already exists in the system.","Will be Transalted","No"
"CustomLabel.CEC_EH_Region","Region","Will be Transalted","No"
"CustomLabel.CEC_EH_Select_A_Queue_Label","Select a Queue","Will be Transalted","No"
"CustomLabel.CEC_ETA","ETA","Will be Transalted","No"
"CustomLabel.CEC_Edit_Error_Message","Sorry, you cannot edit this item.","Will be Transalted","No"
"CustomLabel.CEC_Edit_Shipment_Identifier","Edit Shipment Identifier","Will be Transalted","No"
"CustomLabel.CEC_Email","Email","Will be Transalted","No"
"CustomLabel.CEC_Email_Address","Email Address","Will be Transalted","No"
"CustomLabel.CEC_Email_Auto_Response_BC","'CEC GB PCA Universal','CEC GB PCA Tracking','CEC GB PCA SPOC 10','CEC GB PCA SPOC 9','CEC GB PCA SPOC 8','CEC GB PCA SPOC 7','CEC GB PCA SPOC 6','CEC GB PCA SPOC 5','CEC GB PCA SPOC 4','CEC GB PCA SPOC 3','CEC GB PCA SPOC 2','CEC GB PCA SPOC 1','CEC GB PCA POC 1','CEC GB PCA Healthcare','CEC GB FSG Tracking / GSR','CEC GB PCA CSTA / Tracing','CEC GB PCA GSR','CEC US Valued Customer Pilot',\n'CEC US PCA Pilot 2','CEC US Valued Cust Pilot Intl','CEC DE PCA 4 Tracking','CEC DE PCA 3 Universal','CEC DE PCA SPOC 8','CEC DE PCA SPOC 19','CEC DE PCA SPOC 18','CEC DE PCA SPOC 6','CEC DE PCA SPOC 15','CEC DE PCA SPOC 7','CEC DE PCA SPOC 12','CEC DE PCA SPOC 4','CEC DE PCA SPOC 5','CEC DE PCA SPOC 3','CEC DE PCA SPOC 2','CEC DE PCA SPOC 16','CEC DE PCA SPOC 9','CEC DE PCA SPOC 10','CEC DE PCA SPOC 13','CEC DE PCA SPOC 14'","Will be Transalted","No"
"CustomLabel.CEC_Email_Auto_Response_Germany","'CEC DE PCA 4 Tracking','CEC DE PCA 3 Universal','CEC DE PCA SPOC 8','CEC DE PCA SPOC 19','CEC DE PCA SPOC 18','CEC DE PCA SPOC 6','CEC DE PCA SPOC 15','CEC DE PCA SPOC 7','CEC DE PCA SPOC 12','CEC DE PCA SPOC 4','CEC DE PCA SPOC 5','CEC DE PCA SPOC 3','CEC DE PCA SPOC 2','CEC DE PCA SPOC 16','CEC DE PCA SPOC 9','CEC DE PCA SPOC 10','CEC DE PCA SPOC 13','CEC DE PCA SPOC 14'","Will be Transalted","No"
"CustomLabel.CEC_Email_Domains",",","Will be Transalted","No"
"CustomLabel.CEC_Email_Exception_Validation","One or more email addresses in the To, CC and/or BCC fields are blocked. Please remove the following email address(es):","Will be Transalted","No"
"CustomLabel.CEC_End_Date","End Date","Will be Transalted","No"
"CustomLabel.CEC_End_Date_Time","End Date Time","Will be Transalted","No"
"CustomLabel.CEC_Enter_Email","Enter email address","Will be Transalted","No"
"CustomLabel.CEC_Enter_Reason_For_Escalating_The_case","Enter reason for Escalating the Case","Will be Transalted","No"
"CustomLabel.CEC_Enter_Reason_for_Voiding_a_Case","Enter Reason","Will be Transalted","No"
"CustomLabel.CEC_Enter_Search_Criteria","Enter Search Criteria","Will be Transalted","No"
"CustomLabel.CEC_Enter_Subject","Enter a subject","Will be Transalted","No"
"CustomLabel.CEC_Enter_a_Different_Address","Enter a Different Address","Will be Transalted","No"
"CustomLabel.CEC_Error_Complete_this_field","Complete this field.","Will be Transalted","No"
"CustomLabel.CEC_Error_For_Customer_Displying_Date_Time","Unable to convert the time to the caller's local time. CEC User's time currently displayed.","Will be Transalted","No"
"CustomLabel.CEC_Error_On_Creating_Child_Case","Please Reopen the parent case and then try to create a child case","Will be Transalted","No"
"CustomLabel.CEC_Escalate_Case_Allowed_Profiles","UPS CEC Specialized User $$ UPS CEC Manager $$ UPS CEC Manager - Europe $$ UPS CEC Knowledge $$ System Administrator $$ UPS CEC Admin $$ UPS CEC CCR","Will be Transalted","No"
"CustomLabel.CEC_Fax","Fax","Will be Transalted","No"
"CustomLabel.CEC_Files","FILES","Will be Transalted","No"
"CustomLabel.CEC_Final_Resolution_Message_Close_the_AR_Case","The case has been successfully transferred to another Team Member who will reach out to the customer","Will be Transalted","No"
"CustomLabel.CEC_First_Name","First Name","Will be Transalted","No"
"CustomLabel.CEC_Form_Erros_Msg","Errors were found on this form","Will be Transalted","No"
"CustomLabel.CEC_GBSTowerEditRestriction","You do not belong to the Knowledge Group selected for this article. Please select a Knowledge Group that is valid for you or ask your Knowledge Hierarchy Manager for assistance.","Will be Transalted","No"
"CustomLabel.CEC_GDOL_Appid","CEC","Will be Transalted","No"
"CustomLabel.CEC_GDOL_Autosubmit","1","Will be Transalted","No"
"CustomLabel.CEC_GDOL_Bingkey","AuOcqlJTfNzQai_qQg4kS223A_2kHcrgmDo-GOAYSRIweYRm6inoFOAdc95Zehq2","Will be Transalted","No"
"CustomLabel.CEC_GDOL_URL","https://www.ups.com/dropoff/?","Will be Transalted","No"
"CustomLabel.CEC_General","General","Will be Transalted","No"
"CustomLabel.CEC_Geography","Geography","Will be Transalted","No"
"CustomLabel.CEC_GuidedFlow_Heading","Casey's Corner","Will be Transalted","No"
"CustomLabel.CEC_GuidedFlow_HelpMessage","Guided help is available","Will be Transalted","No"
"CustomLabel.CEC_IP_URL","https://wwwapps.ups.com/pickup/schedule?","Will be Transalted","No"
"CustomLabel.CEC_IVP_Name","IVP","Will be Transalted","No"
"CustomLabel.CEC_IVP_Trackable_Shipment_Identifier_Type","Tracking Number","Will be Transalted","No"
"CustomLabel.CEC_I_Want_To","I Want To...","Will be Transalted","No"
"CustomLabel.CEC_Identifier","Identifier","Will be Transalted","No"
"CustomLabel.CEC_Identifier_Type","Identifier Type","Will be Transalted","No"
"CustomLabel.CEC_Identifier_Value","Identifier Value","Will be Transalted","No"
"CustomLabel.CEC_Identifiers","Identifiers","Will be Transalted","No"
"CustomLabel.CEC_Incident_Location_Date_Time","Incident Location","Will be Transalted","No"
"CustomLabel.CEC_Increase_Case_Priority","Increase Case Priority","Will be Transalted","No"
"CustomLabel.CEC_Indentifier_Search_Placeholder","Filter Cases by Identifier Value ...","Will be Transalted","No"
"CustomLabel.CEC_Individual","Individual","Will be Transalted","No"
"CustomLabel.CEC_Insufficient_Access_Operation","You don't have sufficient access to do this operation.","Will be Transalted","No"
"CustomLabel.CEC_Invalid","Invalid","Will be Transalted","No"
"CustomLabel.CEC_Invalid_Format","You have entered an invalid format.","Will be Transalted","No"
"CustomLabel.CEC_Is_Primary_Phone_Number_Same_as_Mobile","Is Primary Phone Same as Mobile Phone?","Will be Transalted","No"
"CustomLabel.CEC_Knowledge","KNOWLEDGE","Will be Transalted","No"
"CustomLabel.CEC_KnowledgeApproval_MultiRoleError","You are assigned to both Knowledge Manager and/or Process Owner groups. You cannot submit an article for review.","Will be Transalted","No"
"CustomLabel.CEC_KnowledgeApproval_NoRoleError","You are not assigned to any Knowledge Manager and/or Process Owner groups. You cannot submit an article for review","Will be Transalted","No"
"CustomLabel.CEC_KnowledgeArticleTypes","%LaunchPage%ServiceEssentials%Walkthrough%Resolution%Basics%Resource%Assistance Required Case Instructions%Procedure%","Will be Transalted","No"
"CustomLabel.CEC_KnowledgeBusinessHours","CEC US Knowledge Approval Reminder","Will be Transalted","No"
"CustomLabel.CEC_Knowledge_Manager_Approver_Group_Name","CEC KBA Knowledge Managers","Will be Transalted","No"
"CustomLabel.CEC_LINK_IRIS","https://iris.inside.ups.com/apps/login.aspx","Will be Transalted","No"
"CustomLabel.CEC_Label_Assign_Case_To_Me","Assign Case to Me","Will be Transalted","No"
"CustomLabel.CEC_Label_Change_Priority","Change Priority","Will be Transalted","No"
"CustomLabel.CEC_Label_Close_Case","Close the Case","Will be Transalted","No"
"CustomLabel.CEC_Label_Close_this_Case","Close this Case","Will be Transalted","No"
"CustomLabel.CEC_Label_Create_Assistance_Required_Case","Request Assistance","Will be Transalted","No"
"CustomLabel.CEC_Label_Escalate_Case","Escalate Case","Will be Transalted","No"
"CustomLabel.CEC_Label_Find_a_Location","Find a Location","Will be Transalted","No"
"CustomLabel.CEC_Label_Flag_As_Spam","Flag as SPAM","Will be Transalted","No"
"CustomLabel.CEC_Label_Get_a_Rate_Quote","Get a Rate Quote or TNT","Will be Transalted","No"
"CustomLabel.CEC_Label_Maintain_Responsibility","Maintain Responsibility","Will be Transalted","No"
"CustomLabel.CEC_Label_Manage_Corporate_Concern","Flag as Corporate Concern","Will be Transalted","No"
"CustomLabel.CEC_Label_Out_Of_Office","OUT OF OFFICE","Will be Transalted","No"
"CustomLabel.CEC_Label_Profile_Name_CEC_Admin","UPS CEC Admin","Will be Transalted","No"
"CustomLabel.CEC_Label_Profile_Name_Sys_Admin","UPS CEC Sys Admin","Will be Transalted","No"
"CustomLabel.CEC_Label_Profile_Name_System_Administrator","System Administrator","Will be Transalted","No"
"CustomLabel.CEC_Label_Profile_Name_UPS_CEC_Knowledge","UPS CEC Knowledge","Will be Transalted","No"
"CustomLabel.CEC_Label_Profile_Name_UPS_CEC_Manager","UPS CEC Manager","Will be Transalted","No"
"CustomLabel.CEC_Label_Profile_Name_UPS_CEC_Manager_Europe","UPS CEC Manager - Europe","Will be Transalted","No"
"CustomLabel.CEC_Label_Re_Open_Case","Re-Open Case","Will be Transalted","No"
"CustomLabel.CEC_Label_Reassign_AR_Case","Reassign Assistance Required Case","Will be Transalted","No"
"CustomLabel.CEC_Label_Schedule_a_Pickup","Schedule a Pickup","Will be Transalted","No"
"CustomLabel.CEC_Label_Second_Request","2nd Request","Will be Transalted","No"
"CustomLabel.CEC_Label_Submit_the_Case","Submit the Case","Will be Transalted","No"
"CustomLabel.CEC_Label_Transfer_Phone_Case","Transfer a Phone Case","Will be Transalted","No"
"CustomLabel.CEC_Label_Void_Case","Void Case / Dead Air","Will be Transalted","No"
"CustomLabel.CEC_Label_Work_Effort_Details","Update Work Efforts","Will be Transalted","No"
"CustomLabel.CEC_Language","Language","Will be Transalted","No"
"CustomLabel.CEC_Last_Name","Last Name","Will be Transalted","No"
"CustomLabel.CEC_LinkToCaseNoEmailError","Contacts cannot be linked without an Email Address. Please Select, Update or Create a contact containing an Email Address.","Will be Transalted","No"
"CustomLabel.CEC_LinkToCaseNoPhoneError","Contacts cannot be linked without a Phone Number. Please Select, Update or Create a contact containing a Phone Number.","Will be Transalted","No"
"CustomLabel.CEC_Link_Contact","Link Contact","Will be Transalted","No"
"CustomLabel.CEC_LinkedEntityId","0050t000000i3TF","Will be Transalted","No"
"CustomLabel.CEC_LockWaitMessage","The system is currently updating the case in the background and has temporarily locked the record. Please try again in 5-10 seconds.","Will be Transalted","No"
"CustomLabel.CEC_Mail_Disclaimer","CAUTION! This email originated outside of the organization. Please do not open attachments or click links from an unknown or suspicious origin.\n\n======================================================================","Will be Transalted","No"
"CustomLabel.CEC_MaintainResponsibility_Queue","Maintain Responsibility Queue","Will be Transalted","No"
"CustomLabel.CEC_Maintain_Responsibility_Warning_Message","IMPORTANT - Customer Contact is not required. Another team member will reach out to the customer.","Will be Transalted","No"
"CustomLabel.CEC_Mandatory_Information","Mandatory Information","Will be Transalted","No"
"CustomLabel.CEC_Mandatory_Information_Uppercase","MANDATORY INFORMATION","Will be Transalted","No"
"CustomLabel.CEC_Message","Message","Will be Transalted","No"
"CustomLabel.CEC_Message_No_Shipment_identifiers_AddedOnCase","No Shipment Identifiers have been added to this Case","Will be Transalted","No"
"CustomLabel.CEC_Message_Role","Please Select at least one role","Will be Transalted","No"
"CustomLabel.CEC_Milestones_Not_Expired","This case has active milestones. Second Request can't be created for this Case record.","Will be Transalted","No"
"CustomLabel.CEC_Milestones_Tab","MILESTONES","Will be Transalted","No"
"CustomLabel.CEC_Min_3_Characters_Message","Please enter more than 2 characters.","Will be Transalted","No"
"CustomLabel.CEC_Mobile","Mobile Phone","Will be Transalted","No"
"CustomLabel.CEC_Mobile_Phone","Mobile Phone","Will be Transalted","No"
"CustomLabel.CEC_More_Notifications","more notifications","Will be Transalted","No"
"CustomLabel.CEC_Multiple_Contact_Records_Found","Multiple matches exist.","Will be Transalted","No"
"CustomLabel.CEC_MyChoice_for_Business","My Choice Indicator","Will be Transalted","No"
"CustomLabel.CEC_My_Choice","My Choice","Will be Transalted","No"
"CustomLabel.CEC_My_Details","My Details","Will be Transalted","No"
"CustomLabel.CEC_My_Team_Members_Details","My Team Member's Details","Will be Transalted","No"
"CustomLabel.CEC_NEW_CASE_HEADER","Create a New Case","Will be Transalted","No"
"CustomLabel.CEC_NOTES_FILES","NOTES & FILES","Will be Transalted","No"
"CustomLabel.CEC_Name","Name","Will be Transalted","No"
"CustomLabel.CEC_New_Shipment_Identifier","New Shipment Identifier","Will be Transalted","No"
"CustomLabel.CEC_NoCallBackRequiredMessage","IMPORTANT - Customer contact is not required for this case.","Will be Transalted","No"
"CustomLabel.CEC_No_Active_Notifications","No Active Notifications","Will be Transalted","No"
"CustomLabel.CEC_No_Attachments","No attachments available for this case.","Will be Transalted","No"
"CustomLabel.CEC_No_Callback_Required","No Contact Required","Will be Transalted","No"
"CustomLabel.CEC_No_Close_On_Email","To send a reply on an Assistance Required Case, please select the Send and Do Not Close option.","Will be Transalted","No"
"CustomLabel.CEC_No_Identifier_Message","No Shipment Identifiers have been added to this Case.","Will be Transalted","No"
"CustomLabel.CEC_No_Record_Select_Error","Kindly Select The Cases","Will be Transalted","No"
"CustomLabel.CEC_No_Reply_Addresses",",no_reply@ups.com,noreply@ups.com,donotreply@ups.com,brief-no-reply@ups.com,do_not_reply@ups.com,donotreply@zalando.it,nateam@ups.com,pcateam1001@ups.com,","Will be Transalted","No"
"CustomLabel.CEC_No_Result_3rdParty","No results found. Please search again or create a 3rd Party Auditor.","Will be Transalted","No"
"CustomLabel.CEC_No_Result_Consumer","No results found. Please search again or create a Consumer Contact.","Will be Transalted","No"
"CustomLabel.CEC_No_Result_NonAccountBusiness","No results found. Please search again or create a Non-Account Business.","Will be Transalted","No"
"CustomLabel.CEC_No_Result_UPSAccount","No results found. Please search again or create either a Consumer Contact or a Non-Account Business.","Will be Transalted","No"
"CustomLabel.CEC_No_match_found_select_from_list_below","No contact match found, please select an option below to associate a contact to this case.","Will be Transalted","No"
"CustomLabel.CEC_Non_Account_Business","Non-Account Business","Will be Transalted","No"
"CustomLabel.CEC_Non_Account_Business_Company_Name","Non-Account Business Company Name","Will be Transalted","No"
"CustomLabel.CEC_None_Found_Message","None Found","Will be Transalted","No"
"CustomLabel.CEC_None_related_Case_Message","No related Cases have been identified","Will be Transalted","No"
"CustomLabel.CEC_None_related_Case_Message2","No Cases related to {0} have been identified","Will be Transalted","No"
"CustomLabel.CEC_Not_Applicable","Not Applicable","Will be Transalted","No"
"CustomLabel.CEC_Not_applicable_Recordtype","This function is not allowed on this type of case.","Will be Transalted","No"
"CustomLabel.CEC_NotesAndAttachmentClosedCaseError","Operation Can not be performed.","Will be Transalted","No"
"CustomLabel.CEC_Notifications","Notifications","Will be Transalted","No"
"CustomLabel.CEC_Number","Number","Will be Transalted","No"
"CustomLabel.CEC_Number_of_Pieces","Number of Pieces","Will be Transalted","No"
"CustomLabel.CEC_OMS_API_Client_Id","c0f73f55-5d84-4eb5-b145-c84c5057d5dd","Will be Transalted","No"
"CustomLabel.CEC_OMS_API_Client_Secret","M7aJ0cV8uC7jK0mQ5mP4vG2eX8tJ8vM1rL2iH5nG7dC4pK1uL6","Will be Transalted","No"
"CustomLabel.CEC_OMS_Error_Message","Unable to fetch the data.","Will be Transalted","No"
"CustomLabel.CEC_OMS_ON_OFF_Switch","ON","Will be Transalted","No"
"CustomLabel.CEC_OMS_SortField_Code","01","Will be Transalted","No"
"CustomLabel.CEC_OMS_TokenGen_Client_Id","10bf6b17-b821-4bbf-af42-70da64bc849b","Will be Transalted","No"
"CustomLabel.CEC_OMS_TokenGen_Client_Secret","vA2qV3xK8jP5lU1lS2qI5qQ0oV0oH2uA6fX1bN2gK0wL8jF7fP","Will be Transalted","No"
"CustomLabel.CEC_OMS_URL_AddrSearch","https://oms-cec.ams1907.com/apis/list-extstg/order/detail/address","Will be Transalted","No"
"CustomLabel.CEC_OMS_URL_PRNSearch","https://oms-cec.ups.com/apis/list/order/detail/orderNo","Will be Transalted","No"
"CustomLabel.CEC_OMS_URL_ShipperNumSearch","https://oms-cec.ams1907.com/apis/list-extstg/order/detail/shipperNo","Will be Transalted","No"
"CustomLabel.CEC_OMS_URL_TokenGenerator","https://apigwydev2.ams1907.com/ups-ent/ests-ifd/V1/jwtapi/token","Will be Transalted","No"
"CustomLabel.CEC_OmniAssignStatus","In Progress","Will be Transalted","No"
"CustomLabel.CEC_OmniAssignSubStatus","Working","Will be Transalted","No"
"CustomLabel.CEC_On_Call_Pickup","On-Call Pickup","Will be Transalted","No"
"CustomLabel.CEC_OnlyOwnerCanEditGBSTower","You cannot update the GBS Tower value since you do not own the article. Please reach out to the owner of this article.","Will be Transalted","No"
"CustomLabel.CEC_OpenContact","Open Contact","Will be Transalted","No"
"CustomLabel.CEC_Open_Time","Open Time","Will be Transalted","No"
"CustomLabel.CEC_Operator_ID","Operator ID","Will be Transalted","No"
"CustomLabel.CEC_Order_Date_Time","Order Date/Time","Will be Transalted","No"
"CustomLabel.CEC_Order_Status","Order Status","Will be Transalted","No"
"CustomLabel.CEC_Org_Health_Checkup_Time","8","Will be Transalted","No"
"CustomLabel.CEC_Orphaned_Contact_Error_Case","The current contact cannot be associated with this case. Please select another or create a new one.","Will be Transalted","No"
"CustomLabel.CEC_Other","Other","Will be Transalted","No"
"CustomLabel.CEC_Other_Phone","Other Phone","Will be Transalted","No"
"CustomLabel.CEC_Out_Of_Office","Out Of Office,OOO,O-O-O,Out-of-office,Fora da Empresa,FDE,F-D-E,Fora da Empresa,Fuera de la oficina,FDO,F-D-O,Fuera-De-Oficina,Absent du bureau,??,????,????,????,????,Fuera de oficina,Fuera-de-oficina,?????,?????,?????,????,????,????,????,?? ?? ??????,??? ??????,?????????,Mimo kancelÃƒÂ¡?,NeodpovÃƒÂ­dat,ne vÃƒÂ¡laszoljon,????? ???????? ,??? ????????,???????????,?? ?,In afara serviciului","Will be Transalted","No"
"CustomLabel.CEC_PRN","PRN","Will be Transalted","No"
"CustomLabel.CEC_Pagination_Message_infinte_Scroll","Displaying <span class="slds-text-title_bold">{0}</span> of <span class="slds-text-title_bold">{1}</span> results","Will be Transalted","No"
"CustomLabel.CEC_Parent_Case_Close_Error_Message","Please close Child Case before closing the Parent Case.","Will be Transalted","No"
"CustomLabel.CEC_Person_Account_Recordtype","0122A000001MOeO","Will be Transalted","No"
"CustomLabel.CEC_Phone","Phone","Will be Transalted","No"
"CustomLabel.CEC_Phone_Extension","Phone Extension #","Will be Transalted","No"
"CustomLabel.CEC_Phone_Number","Phone Number","Will be Transalted","No"
"CustomLabel.CEC_Phone_Validation_Message","Please select a country or enter phone number with dial code to validate the phone number.","Will be Transalted","No"
"CustomLabel.CEC_Phone_Validation_Message2","Please enter a valid phone number","Will be Transalted","No"
"CustomLabel.CEC_Pickup_Address","Pickup Address","Will be Transalted","No"
"CustomLabel.CEC_Pickup_Address_Phone_Number","Pickup Address/Phone Number","Will be Transalted","No"
"CustomLabel.CEC_Pickup_Contact","Pickup Contact","Will be Transalted","No"
"CustomLabel.CEC_Pickup_Date","Pickup Date","Will be Transalted","No"
"CustomLabel.CEC_Pickup_Date_Commit","Pickup Date/Commit","Will be Transalted","No"
"CustomLabel.CEC_Pickup_History","Pickup History","Will be Transalted","No"
"CustomLabel.CEC_Pickup_History_Account_Validation_Message1","Please enter a minimum of 6 characters (alphanumerical).","Will be Transalted","No"
"CustomLabel.CEC_Pickup_History_Account_Validation_Message2","Please enter a maximum of 10 characters (alphanumerical).","Will be Transalted","No"
"CustomLabel.CEC_Pickup_History_Date_Validation_Message","Start Date has to always be earlier than the End Date.","Will be Transalted","No"
"CustomLabel.CEC_Pickup_History_End_Date_Validation","The End Date cannot exceed 21 calendar days prior to today and not greater than 7 days in the future.","Will be Transalted","No"
"CustomLabel.CEC_Pickup_History_No_Results","No records were found based on the current search criteria.","Will be Transalted","No"
"CustomLabel.CEC_Pickup_History_PRN_Validation_Message","Please enter 11 characters (alphanumerical).","Will be Transalted","No"
"CustomLabel.CEC_Pickup_History_Start_Date_Validation","The Start Date cannot exceed 21 calendar days prior to today and not greater than 7 days in the future.","Will be Transalted","No"
"CustomLabel.CEC_Pickup_Record_Number_PRN","Pickup Record Number(PRN)","Will be Transalted","No"
"CustomLabel.CEC_PostalCode","Postal Code","Will be Transalted","No"
"CustomLabel.CEC_Preferences","PREFERENCES","Will be Transalted","No"
"CustomLabel.CEC_Preferred","Preferred","Will be Transalted","No"
"CustomLabel.CEC_Preferred_Communication_Channel","Preferred Communication Channel","Will be Transalted","No"
"CustomLabel.CEC_Preferred_Status","Preferred Status","Will be Transalted","No"
"CustomLabel.CEC_Prevent_Edit_On_Standard_Screen_Info_Message","DO NOT USE THIS SCREEN TO MAKE ANY EDITS.","Will be Transalted","No"
"CustomLabel.CEC_Preventing_Sending_Emails_on_Closed_Cases","You cannot send an email for a closed case.","Will be Transalted","No"
"CustomLabel.CEC_Primary_Phone","Primary Phone","Will be Transalted","No"
"CustomLabel.CEC_Priority","Priority","Will be Transalted","No"
"CustomLabel.CEC_ProcessOwnerGBSTowerRestriction","You do not belong to the Knowledge Group selected for this article. Please select a Knowledge Group that is valid for you or ask your Knowledge Hierarchy Manager for assistance.","Will be Transalted","No"
"CustomLabel.CEC_Process_Owner_Approver_Group_Prefix","CEC KB","Will be Transalted","No"
"CustomLabel.CEC_Proficiency_Level","PROFICIENCY LEVEL","Will be Transalted","No"
"CustomLabel.CEC_Profile_Prefix","UPS CEC","Will be Transalted","No"
"CustomLabel.CEC_Queu_Depth_Gap_period_Run","240","Will be Transalted","No"
"CustomLabel.CEC_Queue","Queue","Will be Transalted","No"
"CustomLabel.CEC_QueueToBeRouted","CEC Email Rejects","Will be Transalted","No"
"CustomLabel.CEC_RESPONSIBILITY","RESPONSIBILITY","Will be Transalted","No"
"CustomLabel.CEC_Reassign_AR_Case","Reassign AR Case","Will be Transalted","No"
"CustomLabel.CEC_Reassign_Ar_Case_Reason","Reassign AR Case Reason","Will be Transalted","No"
"CustomLabel.CEC_Receive_Automatic_Notification","Receive Automatic Notification","Will be Transalted","No"
"CustomLabel.CEC_Received_from","Received from","Will be Transalted","No"
"CustomLabel.CEC_Received_from_helptext","Describes the party contacting UPS.","Will be Transalted","No"
"CustomLabel.CEC_Recipients_Email","Recipient's Email","Will be Transalted","No"
"CustomLabel.CEC_Record_messages","{0} records {1} successfully.","Will be Transalted","No"
"CustomLabel.CEC_Record_messages_delete_part","deleted","Will be Transalted","No"
"CustomLabel.CEC_Record_messages_saved_part","saved","Will be Transalted","No"
"CustomLabel.CEC_Related_Cases","Related Cases","Will be Transalted","No"
"CustomLabel.CEC_Remove","Remove","Will be Transalted","No"
"CustomLabel.CEC_Remove_Social_Persona","Remove Media Handle","Will be Transalted","No"
"CustomLabel.CEC_Request_Responsibility","Request Responsibility","Will be Transalted","No"
"CustomLabel.CEC_Request_Responsibility_Confirmation","Request Responsibility? Please add your queue and click Submit to confirm","Will be Transalted","No"
"CustomLabel.CEC_Resolution_Comments","Resolution Comments","Will be Transalted","No"
"CustomLabel.CEC_Restrict_Contact_Creation_Via_Chat","Cannot Create Contact Coming Via Chat","Will be Transalted","No"
"CustomLabel.CEC_Restrict_Standard_New_Button_On_Account_And_Contact","Please use the Quick Actions menu to create a contact.","Will be Transalted","No"
"CustomLabel.CEC_Routing_Exception_Queue_Name","CEC Routing Exception Queue","Will be Transalted","No"
"CustomLabel.CEC_RunQueueDepthBatchEveryFourHour","Queue Depth Batch Schedular","Will be Transalted","No"
"CustomLabel.CEC_SADRestrictedAccountRecordTypes","%Site%Person Account%Third Party Auditor%USER LEVEL ACCOUNT%INTERNET%TEMPORARY%Temporary Air Customer%Non-Account Business%","Will be Transalted","No"
"CustomLabel.CEC_SPAM_comments","SPAM comments:","Will be Transalted","No"
"CustomLabel.CEC_SRC_Managers_ProfileName","UPS CEC SRC Manager","Will be Transalted","No"
"CustomLabel.CEC_SRC_Profile_Prefix","UPS CEC SRC","Will be Transalted","No"
"CustomLabel.CEC_SRC_User_Error_Message","You are not authorized to use this function.","Will be Transalted","No"
"CustomLabel.CEC_SRC_Users_ProfileName","UPS CEC SRC User","Will be Transalted","No"
"CustomLabel.CEC_SRC_Usrs_Error_Msg","SRC Users and SRC Managers are not allowed to reassign a case more than once.","Will be Transalted","No"
"CustomLabel.CEC_SRCprofile","UPS CEC SRC Manager || UPS CEC SRC User","Will be Transalted","No"
"CustomLabel.CEC_Same_as_Caller_Location","Same as Caller Location","Will be Transalted","No"
"CustomLabel.CEC_Save","Save","Will be Transalted","No"
"CustomLabel.CEC_Saved","Saved!","Will be Transalted","No"
"CustomLabel.CEC_Search_Button","Search","Will be Transalted","No"
"CustomLabel.CEC_Search_Criteria","Search Criteria","Will be Transalted","No"
"CustomLabel.CEC_Search_PlaceHolder","search..","Will be Transalted","No"
"CustomLabel.CEC_Search_Queue","Search Queue...","Will be Transalted","No"
"CustomLabel.CEC_Search_User_Placeholder","Search User ..","Will be Transalted","No"
"CustomLabel.CEC_Search_by","Search by..","Will be Transalted","No"
"CustomLabel.CEC_Search_for_Contacts_by_Account_No_or_Account_Name","Search for Contacts by Account No. or Account Name","Will be Transalted","No"
"CustomLabel.CEC_Search_for_Contacts_by_Third_party_Name","Search for Contacts by Third party Name","Will be Transalted","No"
"CustomLabel.CEC_Search_for_Non_Account_Business","Search for Non-Account Business","Will be Transalted","No"
"CustomLabel.CEC_Search_for_an_Address","Search for an Address","Will be Transalted","No"
"CustomLabel.CEC_Sec_Req_Reassign_Error","Cases marked as second request cannot be reassigned.","Will be Transalted","No"
"CustomLabel.CEC_Second_Request_No_Milestone_Error","You cannot do 2nd Request on an open case which has no milestones","Will be Transalted","No"
"CustomLabel.CEC_Second_Request_Reopen","2nd request case cannot be reopend","Will be Transalted","No"
"CustomLabel.CEC_Select_City","Select City","Will be Transalted","No"
"CustomLabel.CEC_Select_Location","Select Location","Will be Transalted","No"
"CustomLabel.CEC_Select_an_Option","Select an Option","Will be Transalted","No"
"CustomLabel.CEC_SendTo_Email_Address","UPSCECSupport@ups.com","Will be Transalted","No"
"CustomLabel.CEC_SendTo_Email_Address_For_CEC_UpdateUser","UPSCECUserAdmin@ups.com","Will be Transalted","No"
"CustomLabel.CEC_SendTo_Email_Address_For_Queue_Depth","kbendale@ups.com,lvenkateswaralu@ups.com,upscecsupport@ups.com","Will be Transalted","No"
"CustomLabel.CEC_SendTo_Email_Address_ThresholdEmail","UPSCECSupport@ups.com,rkhonde@ups.com","Will be Transalted","No"
"CustomLabel.CEC_ShipmentIdentifierApplicableChange","A shipment identifier has been changed on case {caseId}","Will be Transalted","No"
"CustomLabel.CEC_ShipmentIdentifier_Applicable","Applicable","Transalted","No"
"CustomLabel.CEC_Shipment_Additional_Info","Additional Info","Transalted","No"
"CustomLabel.CEC_Shipment_Identifier_Delete_Confirmation","Are you sure you'd like to delete this shipment identifier?","Will be Transalted","No"
"CustomLabel.CEC_Shipment_Identifier_Display","Shipment Identifier(s)","Will be Transalted","No"
"CustomLabel.CEC_Shipment_Identifier_Insert_Confirmation","Shipment Identifier Saved","Will be Transalted","No"
"CustomLabel.CEC_Shipment_Non_Applicable_Error","You must select one or more shipment identifiers in order to proceed.","Transalted","No"
"CustomLabel.CEC_Shipping","Shipping","Will be Transalted","No"
"CustomLabel.CEC_Shipping_Message","Here is the shipping message.","Will be Transalted","No"
"CustomLabel.CEC_Show","Show:","Will be Transalted","No"
"CustomLabel.CEC_Single_Contact_Record_Found","Single match exists.","Will be Transalted","No"
"CustomLabel.CEC_Skill_Geos","SKILLS & GEOS","Will be Transalted","No"
"CustomLabel.CEC_Skills","SKILLS","Will be Transalted","No"
"CustomLabel.CEC_Skills_Label","Skill(s)","Will be Transalted","No"
"CustomLabel.CEC_Smart_Pickup","Smart Pickup","Will be Transalted","No"
"CustomLabel.CEC_Social_Handle","Social Handle","Will be Transalted","No"
"CustomLabel.CEC_Social_Network","Social Network","Will be Transalted","No"
"CustomLabel.CEC_Social_Persona_Object_Label","Social Media Handle{0}","Will be Transalted","No"
"CustomLabel.CEC_Social_Persona_RelatedList_Button_Label","Add/Modify","Will be Transalted","No"
"CustomLabel.CEC_Source_System","Source System","Will be Transalted","No"
"CustomLabel.CEC_Spam_a_Case_Error_Message","You cannot flag this case as SPAM.","Will be Transalted","No"
"CustomLabel.CEC_Specialized_Profile_Prefix","UPS CEC Specialized","Will be Transalted","No"
"CustomLabel.CEC_Standard_Entitlement","CEC Standard Entitlement","Will be Transalted","No"
"CustomLabel.CEC_Start_Date","Start Date","Will be Transalted","No"
"CustomLabel.CEC_Start_Date_Time","Start Date Time","Will be Transalted","No"
"CustomLabel.CEC_State_Province","State/Province","Will be Transalted","No"
"CustomLabel.CEC_Status","Status","Will be Transalted","No"
"CustomLabel.CEC_Street_Number","Street","Will be Transalted","No"
"CustomLabel.CEC_Subject","Subject","Will be Transalted","No"
"CustomLabel.CEC_Subject_with_case_number","[C]-[0-9]{10}","Will be Transalted","No"
"CustomLabel.CEC_Submit","Submit","Will be Transalted","No"
"CustomLabel.CEC_Submit_Request","Submit Request","Will be Transalted","No"
"CustomLabel.CEC_Submitter_Details","Submitter Details","Will be Transalted","No"
"CustomLabel.CEC_Submitter_Tab","SUBMITTER","Will be Transalted","No"
"CustomLabel.CEC_Summary","Summary","Will be Transalted","No"
"CustomLabel.CEC_Support_Case_ID","0122A0000013cMFQAY","Will be Transalted","No"
"CustomLabel.CEC_SuppressNotifications","None","Will be Transalted","No"
"CustomLabel.CEC_TargetDate_Attachment","YESTERDAY","Will be Transalted","No"
"CustomLabel.CEC_Target_Audience","Target Audience","Will be Transalted","No"
"CustomLabel.CEC_Target_Date_Display","Target Date","Will be Transalted","No"
"CustomLabel.CEC_Target_Date_Time","Expected Completion","Will be Transalted","No"
"CustomLabel.CEC_Title","Title","Will be Transalted","No"
"CustomLabel.CEC_Tracking","Tracking","Will be Transalted","No"
"CustomLabel.CEC_Tracking_Number_Display","Tracking Number(s)","Will be Transalted","No"
"CustomLabel.CEC_Trigger_Duplicate_Message","There are existing duplicates with this information.","Will be Transalted","No"
"CustomLabel.CEC_Type_Description","Type a description here..(optional)","Will be Transalted","No"
"CustomLabel.CEC_UI_Case_Management_Preferences","CASE MANAGEMENT PREFERENCES","Will be Transalted","No"
"CustomLabel.CEC_UI_Data_LOSS_WARNING","This change will cause data loss. Do you still want to continue?","Will be Transalted","No"
"CustomLabel.CEC_UI_Default_Business_Unit","Default Business Unit","Will be Transalted","No"
"CustomLabel.CEC_UI_Default_Country","Default Country","Will be Transalted","No"
"CustomLabel.CEC_UI_Default_Shipment_Identifier","Default Shipment Identifier","Will be Transalted","No"
"CustomLabel.CEC_UI_Email_Preferences","EMAIL PREFERENCES","Will be Transalted","No"
"CustomLabel.CEC_UI_Shipment_Identifier","Shipment Identifier","Will be Transalted","No"
"CustomLabel.CEC_UI_Shipment_Identifier_values","Shipment Identifier Value(s)","Will be Transalted","No"
"CustomLabel.CEC_UI_Shipment_identifier_value_placeholder","Use a space or new line as delimiter","Will be Transalted","No"
"CustomLabel.CEC_UI_System_Preferences","SYSTEM PREFERENCES","Will be Transalted","No"
"CustomLabel.CEC_UI_values","Value(s)","Will be Transalted","No"
"CustomLabel.CEC_UPG_Available_Users_in_Public_Group","Available Users in Public Group","Will be Transalted","No"
"CustomLabel.CEC_UPG_Enter_Public_Group_Name","Enter Public Group Name","Will be Transalted","No"
"CustomLabel.CEC_UPG_No_Search_Group_Found","No Data Available","Will be Transalted","No"
"CustomLabel.CEC_UPG_Public_Group_Name","Public Group Name","Will be Transalted","No"
"CustomLabel.CEC_UPG_Save","Save","Will be Transalted","No"
"CustomLabel.CEC_UPG_Search_Public_Group_Button","Search Public Group","Will be Transalted","No"
"CustomLabel.CEC_UPG_Search_Public_Groups","Search Public Groups","Will be Transalted","No"
"CustomLabel.CEC_UPG_Select","Select","Will be Transalted","No"
"CustomLabel.CEC_UPG_Select_Users_to_add_in_Public_Group","Select Users to add in Public Group","Will be Transalted","No"
"CustomLabel.CEC_UPG_Subtitle","Add Users to Public Group","Will be Transalted","No"
"CustomLabel.CEC_UPG_Success_Message","Record Updated Successfully. Search Other Public Group.","Will be Transalted","No"
"CustomLabel.CEC_UPG_Title","CEC Application","Will be Transalted","No"
"CustomLabel.CEC_UPS_Account","UPS Account","Will be Transalted","No"
"CustomLabel.CEC_UPS_Domains","@ups.com;@upsfreight.com;@europe.ups.com","Will be Transalted","No"
"CustomLabel.CEC_UPS_External_Origins","Email;Web;Chat","Will be Transalted","No"
"CustomLabel.CEC_UPS_Mobile","Mobile","Will be Transalted","No"
"CustomLabel.CEC_UPS_Source","Source","Will be Transalted","No"
"CustomLabel.CEC_UPS_com_UserID","UPS.com User ID","Will be Transalted","No"
"CustomLabel.CEC_Unknown_Error","Something unknown went wrong.","Will be Transalted","No"
"CustomLabel.CEC_Update","Update","Will be Transalted","No"
"CustomLabel.CEC_Update_Case_Sub_Status","Update Case Sub-Status","Will be Transalted","No"
"CustomLabel.CEC_Update_Details_and_Preferences","Update Details and Preferences","Will be Transalted","No"
"CustomLabel.CEC_Update_Maintain_Responsibility","Update Maintain Responsibility","Will be Transalted","No"
"CustomLabel.CEC_Update_Submitter","Update Submitter","Will be Transalted","No"
"CustomLabel.CEC_Updates","UPDATES","Will be Transalted","No"
"CustomLabel.CEC_Use_Contact","Use Contact","Will be Transalted","No"
"CustomLabel.CEC_User","User","Will be Transalted","No"
"CustomLabel.CEC_User_Group_Assignment_Restricted_Profiles","UPS CEC Manager - Europe;","Will be Transalted","No"
"CustomLabel.CEC_Users_Name","User's Name","Will be Transalted","No"
"CustomLabel.CEC_Va_Transcript","VA TRANSCRIPT","Will be Transalted","No"
"CustomLabel.CEC_Valid_NonQ_Routing","DNR,City,PostalCode","Will be Transalted","No"
"CustomLabel.CEC_View","View","Will be Transalted","No"
"CustomLabel.CEC_View_All_Display","View All","Will be Transalted","No"
"CustomLabel.CEC_View_Details","View Details","Will be Transalted","No"
"CustomLabel.CEC_View_Duplicates","View Duplicates","Will be Transalted","No"
"CustomLabel.CEC_View_Less_Display","VIEW LESS","Will be Transalted","No"
"CustomLabel.CEC_View_More","VIEW MORE","Will be Transalted","No"
"CustomLabel.CEC_View_Pickup_History","View Pickup History","Will be Transalted","No"
"CustomLabel.CEC_Void_a_Case_Error_Message","You cannot Void a Non Phone Case.","Will be Transalted","No"
"CustomLabel.CEC_Void_a_Case_Success_Message","Case Updated!!","Will be Transalted","No"
"CustomLabel.CEC_Void_comments","Void comments:","Will be Transalted","No"
"CustomLabel.CEC_Withdraw_Responsibility","Withdraw Responsibility","Will be Transalted","No"
"CustomLabel.CEC_Withdraw_Responsibility_Confirmation","Maintain Responsibility is already active for this case. Would you like to withdraw?","Will be Transalted","No"
"CustomLabel.CEC_XOLT_AccessNumber","7D94B11413A317BD","Will be Transalted","No"
"CustomLabel.CEC_XOLT_ON_OFF_Switch","ON","Will be Transalted","No"
"CustomLabel.CEC_XOLT_Password","salesForce1#","Will be Transalted","No"
"CustomLabel.CEC_XOLT_URL","https://onlinetools.ups.com/ship/v1/pickups/smart?","Will be Transalted","No"
"CustomLabel.CEC_XOLT_Username","UPSCECSFDC","Will be Transalted","No"
"CustomLabel.CEC_button_Show_Identifier_Cases","Show Identifier Cases","Will be Transalted","No"
"CustomLabel.CEC_characters_remaining","{0} characters remaining","Will be Transalted","No"
"CustomLabel.CEC_endFlowMessage","We’re done! Now click Next and I will finish my tasks.","Will be Transalted","No"
"CustomLabel.CEC_knowledge_Categorization","Categorization","Will be Transalted","No"
"CustomLabel.CEC_maintain_Responsbility_Profile_Condition","UPS CEC Specialized User $$ UPS CEC Manager $$ UPS CEC Manager - Europe $$ UPS CEC Knowledge $$ System Administrator $$ UPS CEC Admin","Will be Transalted","No"
"CustomLabel.CEC_search_user","search user.","Will be Transalted","No"
"CustomLabel.CEC_startFlowMessage","Hello, Casey here! Let’s walk through this situation together and find the right resolution. Let's go!","Will be Transalted","No"
"CustomLabel.CEC_to_associate_contact","Associate Contact","Will be Transalted","No"
"CustomLabel.CEC_type_here","type here...","Will be Transalted","No"